{
  "formatVersion": 1,
  "database": {
    "version": 2,
    "identityHash": "455b60f5e56e0b0e5567dfdc904208fa",
    "entities": [
      {
        "tableName": "FavTvshow",
        "createSql": "CREATE TABLE IF NOT EXISTS `${TABLE_NAME}` (`abc` INTEGER PRIMARY KEY AUTOINCREMENT NOT NULL, `id` TEXT, `poster_path` TEXT, `title` TEXT, `release` TEXT)",
        "fields": [
          {
            "fieldPath": "abc",
            "columnName": "abc",
            "affinity": "INTEGER",
            "notNull": true
          },
          {
            "fieldPath": "id",
            "columnName": "id",
            "affinity": "TEXT",
            "notNull": false
          },
          {
            "fieldPath": "poster_path",
            "columnName": "poster_path",
            "affinity": "TEXT",
            "notNull": false
          },
          {
            "fieldPath": "title",
            "columnName": "title",
            "affinity": "TEXT",
            "notNull": false
          },
          {
            "fieldPath": "release",
            "columnName": "release",
            "affinity": "TEXT",
            "notNull": false
          }
        ],
        "primaryKey": {
          "columnNames": [
            "abc"
          ],
          "autoGenerate": true
        },
        "indices": [],
        "foreignKeys": []
      }
    ],
    "views": [],
    "setupQueries": [
      "CREATE TABLE IF NOT EXISTS room_master_table (id INTEGER PRIMARY KEY,identity_hash TEXT)",
      "INSERT OR REPLACE INTO room_master_table (id,identity_hash) VALUES(42, '455b60f5e56e0b0e5567dfdc904208fa')"
    ]
  }
}